-- phpMyAdmin SQL Dump
-- version 5.2.0
-- https://www.phpmyadmin.net/
--
-- Host: 127.0.0.1
-- Generation Time: Jun 08, 2023 at 08:33 PM
-- Server version: 10.4.25-MariaDB
-- PHP Version: 8.1.10

SET SQL_MODE = "NO_AUTO_VALUE_ON_ZERO";
START TRANSACTION;
SET time_zone = "+00:00";


/*!40101 SET @OLD_CHARACTER_SET_CLIENT=@@CHARACTER_SET_CLIENT */;
/*!40101 SET @OLD_CHARACTER_SET_RESULTS=@@CHARACTER_SET_RESULTS */;
/*!40101 SET @OLD_COLLATION_CONNECTION=@@COLLATION_CONNECTION */;
/*!40101 SET NAMES utf8mb4 */;

--
-- Database: `used_car_db`
--

-- --------------------------------------------------------

--
-- Table structure for table `brands`
--

CREATE TABLE `brands` (
  `brand` varchar(12) DEFAULT NULL
) ENGINE=InnoDB DEFAULT CHARSET=utf8;

--
-- Dumping data for table `brands`
--

INSERT INTO `brands` (`brand`) VALUES
('Mercedes'),
('Škoda'),
('Ford'),
('Mercury'),
('Kia'),
('Toyota'),
('Honda'),
('Chevrolet'),
('Suzuki'),
('Nissan'),
('Hyundai'),
('Other'),
('GMC'),
('INFINITI'),
('Renault'),
('BMW'),
('Peugeot'),
('Mazda'),
('Chery'),
('Mitsubishi'),
('Geely'),
('Lexus'),
('Volkswagen'),
('Chrysler'),
('Lincoln'),
('Jeep'),
('Dodge'),
('MG'),
('Porsche'),
('Daihatsu'),
('Cadillac'),
('Subaru'),
('Audi'),
('Land Rover'),
('FAW'),
('Fiat'),
('Hummer'),
('Lifan'),
('Classic'),
('Changan'),
('Isuzu'),
('BYD'),
('Victory Auto'),
('Zhengzhou'),
('Jaguar'),
('Foton'),
('Genesis'),
('GAC'),
('HAVAL'),
('MINI'),
('Iveco'),
('Great Wall'),
('Bentley'),
('Maserati'),
('Aston Martin'),
('Ferrari'),
('Rolls-Royce');

-- --------------------------------------------------------

--
-- Table structure for table `colors`
--

CREATE TABLE `colors` (
  `color` varchar(13) DEFAULT NULL
) ENGINE=InnoDB DEFAULT CHARSET=utf8;

--
-- Dumping data for table `colors`
--

INSERT INTO `colors` (`color`) VALUES
('Silver'),
('Red'),
('White'),
('Blue'),
('Black'),
('Green'),
('Oily'),
('Navy'),
('Bronze'),
('Grey'),
('Another Color'),
('Golden'),
('Brown'),
('Orange'),
('Yellow'),
('another_color'),
('light golden'),
('Burgundy'),
('leaden'),
('Beige'),
('Light gray'),
('Nardo Gray'),
('Dark leaden'),
('Petrol'),
('Dark Blue'),
('Dark Brown'),
('Purple'),
('Oil Green');

-- --------------------------------------------------------

--
-- Table structure for table `models_data`
--

CREATE TABLE `models_data` (
  `Brand` varchar(12) DEFAULT NULL,
  `Model` varchar(19) DEFAULT NULL
) ENGINE=InnoDB DEFAULT CHARSET=utf8;

--
-- Dumping data for table `models_data`
--

INSERT INTO `models_data` (`Brand`, `Model`) VALUES
('Mercedes', 'SEL'),
('Škoda', 'Fabia'),
('Ford', 'Marquis'),
('Mercury', 'Grand Marquis'),
('Kia', 'Optima'),
('Toyota', 'Cressida'),
('Honda', 'Other'),
('Chevrolet', 'Suburban'),
('Suzuki', 'D\'max'),
('Honda', 'Civic'),
('Nissan', 'Datsun'),
('Toyota', 'Corolla'),
('Ford', 'Explorer'),
('Nissan', 'Sunny'),
('Hyundai', 'Elantra'),
('Other', 'Other'),
('Chevrolet', 'Optra'),
('Nissan', 'Altima'),
('GMC', 'Sierra'),
('Chevrolet', 'Blazer'),
('Chevrolet', 'Aveo'),
('GMC', 'Suburban'),
('Mercedes', 'E'),
('Kia', 'Rio'),
('Chevrolet', 'Lumina'),
('Hyundai', 'Accent'),
('Chevrolet', 'Spark'),
('Nissan', 'Murano'),
('Ford', 'Focus'),
('Chevrolet', 'Cruze'),
('INFINITI', 'M'),
('Renault', 'Logan'),
('Nissan', 'Maxima'),
('Ford', 'Victoria'),
('Chevrolet', 'Malibu'),
('Kia', 'Picanto'),
('Suzuki', 'SX4'),
('Honda', 'Accord'),
('GMC', 'Yukon'),
('Toyota', 'Camry'),
('Kia', 'Carenz'),
('BMW', 'The 5'),
('Toyota', 'Echo'),
('Nissan', 'Pathfinder'),
('Kia', 'Cores'),
('Peugeot', '307'),
('Ford', 'Expedition'),
('Mazda', '6'),
('Chery', 'QQ'),
('Chevrolet', 'Abeka'),
('Mitsubishi', 'Lancer'),
('GMC', 'Savana'),
('Geely', 'EC8'),
('BMW', 'The 7'),
('Geely', 'EC7'),
('Lexus', 'LS'),
('Toyota', 'Land Cruiser'),
('Ford', 'Mustang'),
('Toyota', 'Hiace'),
('Toyota', 'Previa'),
('Suzuki', 'Vitara'),
('Peugeot', '301'),
('Geely', 'Emgrand'),
('Volkswagen', 'Touareg'),
('Hyundai', 'Sonata'),
('Mitsubishi', 'Galant'),
('Nissan', 'Armada'),
('Chrysler', 'C300'),
('Mercedes', 'S'),
('Toyota', 'Hilux'),
('Chevrolet', 'Tahoe'),
('Nissan', 'X-Trail'),
('Toyota', 'Yaris'),
('Kia', 'Cerato'),
('Suzuki', 'Jimny'),
('Kia', 'Opirus'),
('Toyota', 'Rav4'),
('Nissan', 'Sylvian Bus'),
('Mazda', '2'),
('Toyota', 'Land Cruiser 70'),
('Lincoln', 'Town Car'),
('GMC', 'Envoy'),
('Ford', 'Fusion'),
('Nissan', 'Bus Urvan'),
('Honda', 'Pilot'),
('Jeep', 'Cherokee'),
('Dodge', 'Nitro'),
('Kia', 'Sorento'),
('MG', '3'),
('Mercury', 'Montero2'),
('Škoda', 'Superb'),
('Toyota', 'Land Cruiser Pickup'),
('Kia', 'Carnival'),
('Chevrolet', 'Caprice'),
('Geely', 'GC7'),
('Nissan', 'Patrol'),
('BMW', 'X'),
('Renault', 'Symbol'),
('Ford', 'Edge'),
('Hyundai', 'Veracruz'),
('Hyundai', 'Azera'),
('Mitsubishi', 'Nativa'),
('Mercedes', 'ML'),
('Hyundai', 'H1'),
('Chrysler', '300'),
('Mitsubishi', 'Pajero'),
('Toyota', 'Prado'),
('Porsche', 'Cayenne'),
('Toyota', 'Innova'),
('Renault', 'Duster'),
('Daihatsu', 'Delta'),
('Cadillac', 'Escalade'),
('Chevrolet', 'Traverse'),
('Renault', 'Fluence'),
('Subaru', 'Forester'),
('Nissan', 'Sentra'),
('Ford', 'Vego'),
('GMC', 'Acadia'),
('Audi', 'A8'),
('Ford', 'Taurus'),
('Land Rover', 'Range Rover'),
('FAW', 'B50'),
('Dodge', 'Durango'),
('Fiat', 'Doblo'),
('Mitsubishi', 'L200'),
('Renault', 'Safrane'),
('Ford', 'Ranger'),
('Renault', 'Dokker'),
('Ford', 'Flex'),
('Peugeot', '3008'),
('Volkswagen', 'Passat'),
('Volkswagen', 'Tiguan'),
('Hummer', 'H3'),
('Nissan', 'VTC'),
('Hyundai', 'Senta fe'),
('Mercedes', 'CLS'),
('Honda', 'Odyssey'),
('GMC', 'Safari'),
('Mitsubishi', 'Attrage'),
('Lexus', 'IS'),
('Ford', 'Other'),
('Suzuki', 'Ertiga'),
('Peugeot', 'Partner'),
('Mitsubishi', 'L300'),
('Chrysler', 'S300'),
('MG', '6'),
('Jeep', 'Compass'),
('Lexus', 'ES'),
('Dodge', 'Charger'),
('Hyundai', 'Coupe S'),
('Lifan', 'LF X60'),
('Jeep', 'Liberty'),
('Hyundai', 'Veloster'),
('Kia', 'Cadenza'),
('Classic', 'Cadillac'),
('Mazda', 'CX7'),
('Hyundai', 'Other'),
('Toyota', 'Ciocca'),
('Mazda', '3'),
('INFINITI', 'FX'),
('Changan', 'Seven'),
('Hyundai', 'Tucson'),
('Ford', 'Echo Sport'),
('Daihatsu', 'Gran Max'),
('Nissan', 'Juke'),
('MG', '360'),
('Isuzu', 'D-MAX'),
('Volkswagen', 'CC'),
('Peugeot', '5008'),
('Mercury', 'Milan'),
('Chevrolet', 'Kaptiva'),
('Audi', 'A4'),
('Nissan', 'Gloria'),
('Toyota', 'Avanza'),
('Honda', 'City'),
('BYD', 'F3'),
('Nissan', 'Land Cruiser Pickup'),
('Suzuki', 'APV'),
('Chevrolet', 'Colorado'),
('Jeep', 'Patriot'),
('Chevrolet', 'Silverado'),
('Toyota', 'Aurion'),
('Chevrolet', 'Pick up'),
('Kia', 'Mohave'),
('Toyota', 'Avalon'),
('GMC', 'Terrain'),
('Mitsubishi', 'Outlander'),
('Kia', 'Soul'),
('Victory Auto', 'Van R'),
('Audi', 'Q5'),
('Toyota', 'Furniture'),
('Cadillac', 'CT-S'),
('Kia', 'Sportage'),
('Suzuki', 'Dzire'),
('Mazda', 'CX9'),
('Ford', 'F150'),
('Kia', 'Carens'),
('MG', '5'),
('Nissan', 'Navara'),
('Zhengzhou', 'Pick up'),
('Daihatsu', 'Terios Ground'),
('Dodge', 'Challenger'),
('Suzuki', 'Grand Vitara'),
('Lincoln', 'Navigator'),
('Jaguar', 'XF'),
('Honda', 'CRV'),
('FAW', 'X40'),
('BMW', 'The 3'),
('Geely', 'Other'),
('Jeep', 'Grand Cherokee'),
('Daihatsu', 'Terios'),
('Lexus', 'LX'),
('Lexus', 'RX'),
('Changan', 'CS75'),
('Kia', 'Pegas'),
('Honda', 'Crosstour'),
('Chevrolet', 'Impala'),
('Chevrolet', 'Trailblazer'),
('Foton', 'Mini Van'),
('Dodge', 'Ram'),
('Isuzu', 'Dyna'),
('Toyota', 'FJ'),
('Ford', 'Van'),
('Cadillac', 'Other'),
('Hyundai', 'Tuscani'),
('Changan', 'CS35'),
('Genesis', 'Prestige'),
('Audi', 'A5'),
('Mazda', 'CX5'),
('Renault', 'Talisman'),
('Changan', 'Eado'),
('MG', 'GS'),
('Chrysler', 'C200'),
('Renault', 'Capture'),
('Classic', 'Mini Cooper'),
('Renault', 'Megane'),
('Chery', 'Tiggo'),
('Foton', 'Suvana'),
('Fiat', '500'),
('Geely', 'X7'),
('Mercedes', 'Viano'),
('Mitsubishi', 'Other'),
('Mercedes', 'POS24'),
('GAC', 'GS3'),
('Hyundai', 'i40'),
('MG', 'ZS'),
('Jeep', 'Wrangler'),
('Cadillac', 'Fleetwood'),
('Mazda', 'CX3'),
('MG', 'RX5'),
('HAVAL', 'H2'),
('Hyundai', 'Creta'),
('Audi', 'Q7'),
('Porsche', 'Cayenne Turbo'),
('Nissan', 'Z350'),
('Toyota', 'Rush'),
('Nissan', 'KICKS'),
('Peugeot', 'Boxer'),
('Chevrolet', 'Camaro'),
('Volkswagen', 'Jetta'),
('Volkswagen', 'Beetle'),
('Toyota', 'Prius'),
('HAVAL', 'H6'),
('GMC', 'Behbehani'),
('Genesis', 'G80'),
('Hyundai', 'Kona'),
('Mercedes', 'C'),
('Geely', 'GS'),
('MINI', 'Copper'),
('Changan', 'CS35 Plus'),
('Hyundai', 'Avante'),
('Honda', 'HRV'),
('Nissan', 'X-Terra'),
('Geely', 'Coolray'),
('Renault', 'Koleos'),
('INFINITI', 'QX'),
('Genesis', 'Coupe'),
('Genesis', 'G70'),
('Kia', 'Sedona'),
('Hyundai', 'Coupe'),
('Volkswagen', 'Golf'),
('Mitsubishi', 'ASX'),
('Genesis', 'Royal'),
('Audi', 'A3'),
('MINI', 'Countryman'),
('INFINITI', 'Q'),
('Changan', 'CS95'),
('Genesis', 'Platinum'),
('Audi', 'A6'),
('Kia', 'Seltos'),
('Lincoln', 'MKZ'),
('Cadillac', 'ATS'),
('Porsche', 'Cayman'),
('Genesis', 'G330'),
('Genesis', 'Prestige Plus'),
('Mercedes', 'GL'),
('FAW', 'T77'),
('Mitsubishi', 'Montero'),
('Toyota', 'Coaster'),
('Geely', 'Azkarra'),
('Hyundai', 'Genesis'),
('Mercedes', 'CLA'),
('GAC', 'GS8'),
('Nissan', 'Z370'),
('MG', 'HS'),
('Porsche', 'Cayenne S'),
('Lexus', 'GS'),
('Porsche', 'Panamera'),
('Hyundai', 'Bus County'),
('Kia', 'K5'),
('MG', 'RX8'),
('Toyota', 'C-HR'),
('Iveco', 'Daily'),
('Toyota', '4Runner'),
('Jaguar', 'XJ'),
('Great Wall', 'Power'),
('BMW', 'Z'),
('Hummer', 'H-2'),
('Changan', 'CS85'),
('BMW', 'The 6'),
('Lincoln', 'MKX'),
('Bentley', 'Flying Spur'),
('HAVAL', 'H9'),
('Cadillac', 'XT5'),
('BMW', 'The 4'),
('Porsche', 'Cayenne Turbo GTS'),
('Lincoln', 'MKS'),
('Chrysler', 'SRT'),
('Lexus', 'RC'),
('Audi', 'A7'),
('Maserati', 'Quattroporte'),
('Lexus', 'GX'),
('Lexus', 'UX'),
('BMW', 'The M'),
('Porsche', 'Macan'),
('Mercedes', 'GLE'),
('Jaguar', 'F-Pace'),
('Lexus', 'NX'),
('Maserati', 'Gamble'),
('Mercedes', 'A'),
('Cadillac', 'CT6'),
('Mercedes', 'GLC'),
('Cadillac', 'CT4'),
('Kia', 'Stinger'),
('Audi', 'S5'),
('Mercedes', 'CL'),
('Cadillac', 'CT5'),
('Aston Martin', 'DB9'),
('Jaguar', 'F Type'),
('Audi', 'S8'),
('Land Rover', 'Discovery'),
('Mercedes', 'G'),
('Lincoln', 'Continental GT'),
('Mercedes', 'SL'),
('Ferrari', 'GTB 599 Fiorano'),
('Porsche', '911'),
('Rolls-Royce', 'Ghost'),
('Maserati', 'Levante'),
('Porsche', 'Other'),
('Aston Martin', 'Vanquish'),
('Land Rover', 'Defender'),
('Rolls-Royce', 'Camargue'),
('Aston Martin', 'Vantage'),
('Bentley', 'Arnage'),
('Bentley', 'Bentayga');
COMMIT;

/*!40101 SET CHARACTER_SET_CLIENT=@OLD_CHARACTER_SET_CLIENT */;
/*!40101 SET CHARACTER_SET_RESULTS=@OLD_CHARACTER_SET_RESULTS */;
/*!40101 SET COLLATION_CONNECTION=@OLD_COLLATION_CONNECTION */;
